Model,Precision,Recall,F1-Score
Base (4 files),0.847965738758,0.830188679245,0.838983050847
Medium (4 files),0.780442804428,0.88679245283,0.830225711482
Twitter (1 file),0.894849785408,0.874213836478,0.88441145281
Base (1 file),0.941441441441,0.876310272537,0.907709011944
Twitter (4 files),0.786496350365,0.9035639413,0.840975609756
MER 2,0.621392190153,0.767295597484,0.686679174484
MER 1,0.621392190153,0.767295597484,0.686679174484
